City,Neighbourhood
Abu Dhabi,Al Aman
Abu Dhabi,Al Bateen
Abu Dhabi,Al Dhafrah
Abu Dhabi,Al Falah
Abu Dhabi,Al Karama
Abu Dhabi,Al Khubeirah
Abu Dhabi,Al Lulu Island
Abu Dhabi,Al Madina
Abu Dhabi,Al Maryah Island
Abu Dhabi,Al Manaseer
Abu Dhabi,Al Manhal
Abu Dhabi,Al Maqtaa
Abu Dhabi,Al Markaziyah
Abu Dhabi,Al Meena
Abu Dhabi,Al Moroor
Abu Dhabi,Al Mushrif
Abu Dhabi,Al Muzoon
Abu Dhabi,Al Nahyan
Abu Dhabi,Al Qubesat
Abu Dhabi,Al Ras Al Akhdar
Abu Dhabi,Al Reef
Abu Dhabi,Al Reem Island
Abu Dhabi,Al Rehhan
Abu Dhabi,Al Rowdah
Abu Dhabi,Al Shamkha
Abu Dhabi,Bani Yas
Abu Dhabi,Al Zaab
Abu Dhabi,Al Zahiyah
Abu Dhabi,Al Zahraa
Abu Dhabi,Al Khalidyah
Abu Dhabi,Bain Al Jisrain
Abu Dhabi,Hideriyyat
Abu Dhabi,Khalifa City
Abu Dhabi,Marina Village
Abu Dhabi,Masdar City
Abu Dhabi,Mohammed Bin Zayed City
Abu Dhabi,Saadiyat Island
Abu Dhabi,Shakhbout City
Abu Dhabi,Officers City
Abu Dhabi,Qasr El Bahr
Abu Dhabi,Qasr El Shatie
Abu Dhabi,Yas Island
Abu Dhabi,Al Samha
